,yearID,teamID,R_per_game,HR_per_game,W_percentage,BB_per_game,SB_per_game
1,1961,BAL,4.239263804,0.914110429,0.582822086,3.564417178,0.239263804
2,1961,BOS,4.472392638,0.687116564,0.466257669,3.969325153,0.343558282
3,1961,CHA,4.693251534,0.846625767,0.527607362,3.374233129,0.613496933
4,1961,CHN,4.416666667,1.128205128,0.41025641,3.455128205,0.224358974
5,1961,CIN,4.61038961,1.025974026,0.603896104,2.746753247,0.454545455
6,1961,CLE,4.577639752,0.931677019,0.48447205,3.055900621,0.211180124
7,1961,DET,5.159509202,1.104294479,0.619631902,4.128834356,0.601226994
8,1961,KC1,4.216049383,0.555555556,0.37654321,3.580246914,0.358024691
9,1961,LAA,4.592592593,1.166666667,0.432098765,4.203703704,0.228395062
10,1961,LAN,4.772727273,1.019480519,0.577922078,3.87012987,0.558441558
11,1961,MIN,4.391304348,1.037267081,0.434782609,3.708074534,0.291925466
12,1961,ML1,4.593548387,1.212903226,0.535483871,3.44516129,0.451612903
13,1961,NYA,5.073619632,1.472392638,0.668711656,3.331288344,0.171779141
14,1961,PHI,3.767741935,0.664516129,0.303225806,3.064516129,0.361290323
15,1961,PIT,4.506493506,0.831168831,0.487012987,2.779220779,0.168831169
16,1961,SFN,4.987096774,1.180645161,0.548387097,3.264516129,0.509677419
17,1961,SLN,4.535483871,0.664516129,0.516129032,3.187096774,0.296774194
18,1961,WS2,3.838509317,0.739130435,0.378881988,3.465838509,0.50310559
19,1962,BAL,4.024691358,0.962962963,0.475308642,3.185185185,0.277777778
20,1962,BOS,4.41875,0.9125,0.475,3.28125,0.24375
21,1962,CHA,4.364197531,0.567901235,0.524691358,3.827160494,0.469135802
22,1962,CHN,3.901234568,0.777777778,0.364197531,3.111111111,0.481481481
23,1962,CIN,4.950617284,1.030864198,0.604938272,3.074074074,0.407407407
24,1962,CLE,4.209876543,1.111111111,0.49382716,3.098765432,0.216049383
25,1962,DET,4.708074534,1.298136646,0.527950311,4.043478261,0.428571429
26,1962,HOU,3.654320988,0.648148148,0.395061728,3.043209877,0.259259259
27,1962,KC1,4.598765432,0.716049383,0.444444444,3.432098765,0.469135802
28,1962,LAA,4.432098765,0.845679012,0.530864198,3.716049383,0.283950617
29,1962,LAN,5.103030303,0.848484848,0.618181818,3.466666667,1.2
30,1962,MIN,4.895705521,1.134969325,0.558282209,3.981595092,0.202453988
31,1962,ML1,4.50617284,1.117283951,0.530864198,3.586419753,0.351851852
32,1962,NYA,5.043209877,1.228395062,0.592592593,3.604938272,0.259259259
33,1962,NYN,3.832298137,0.863354037,0.248447205,3.826086957,0.366459627
34,1962,PHI,4.378881988,0.881987578,0.50310559,3.298136646,0.49068323
35,1962,PIT,4.385093168,0.670807453,0.577639752,2.683229814,0.310559006
36,1962,SFN,5.321212121,1.236363636,0.624242424,3.16969697,0.442424242
37,1962,SLN,4.748466258,0.840490798,0.515337423,3.159509202,0.527607362
38,1962,WS2,3.697530864,0.814814815,0.37037037,2.87654321,0.611111111
39,1963,BAL,3.975308642,0.901234568,0.530864198,2.895061728,0.598765432
40,1963,BOS,4.136645963,1.062111801,0.472049689,2.950310559,0.167701863
41,1963,CHA,4.216049383,0.703703704,0.580246914,3.524691358,0.395061728
42,1963,CHN,3.518518519,0.783950617,0.50617284,2.709876543,0.419753086
43,1963,CIN,4,0.75308642,0.530864198,2.925925926,0.567901235
44,1963,CLE,3.919753086,1.043209877,0.487654321,2.895061728,0.364197531
45,1963,DET,4.320987654,0.913580247,0.487654321,3.654320988,0.450617284
46,1963,HOU,2.864197531,0.382716049,0.407407407,2.814814815,0.240740741
47,1963,KC1,3.796296296,0.586419753,0.450617284,3.265432099,0.290123457
48,1963,LAA,3.708074534,0.590062112,0.434782609,2.782608696,0.267080745
49,1963,LAN,3.926380368,0.674846626,0.607361963,2.779141104,0.760736196
50,1963,MIN,4.763975155,1.397515528,0.565217391,3.397515528,0.198757764
51,1963,ML1,4.153374233,0.852760736,0.515337423,3.220858896,0.460122699
52,1963,NYA,4.434782609,1.167701863,0.645962733,2.695652174,0.260869565
53,1963,NYN,3.092592593,0.592592593,0.314814815,2.820987654,0.25308642
54,1963,PHI,3.962962963,0.777777778,0.537037037,2.487654321,0.345679012
55,1963,PIT,3.5,0.666666667,0.456790123,2.802469136,0.351851852
56,1963,SFN,4.475308642,1.216049383,0.543209877,2.722222222,0.339506173
57,1963,SLN,4.611111111,0.790123457,0.574074074,2.827160494,0.475308642
58,1963,WS2,3.567901235,0.851851852,0.345679012,3.067901235,0.419753086
59,1964,BAL,4.165644172,0.993865031,0.595092025,3.294478528,0.478527607
60,1964,BOS,4.24691358,1.148148148,0.444444444,3.111111111,0.111111111
61,1964,CHA,3.962962963,0.654320988,0.604938272,3.469135802,0.462962963
62,1964,CHN,4.00617284,0.895061728,0.469135802,3.080246914,0.432098765
63,1964,CIN,4.049079755,0.797546012,0.564417178,2.803680982,0.552147239
64,1964,CLE,4.201219512,1,0.481707317,3.048780488,0.481707317
65,1964,DET,4.288343558,0.963190184,0.521472393,3.171779141,0.36809816
66,1964,HOU,3.055555556,0.432098765,0.407407407,2.351851852,0.24691358
67,1964,KC1,3.809815951,1.018404908,0.349693252,3.36196319,0.208588957
68,1964,LAA,3.358024691,0.62962963,0.50617284,2.913580247,0.302469136
69,1964,LAN,3.743902439,0.481707317,0.487804878,2.670731707,0.859756098
70,1964,MIN,4.521472393,1.355828221,0.484662577,3.392638037,0.282208589
71,1964,ML1,4.956790123,0.981481481,0.543209877,3,0.327160494
72,1964,NYA,4.451219512,0.987804878,0.603658537,3.170731707,0.329268293
73,1964,NYN,3.490797546,0.63190184,0.325153374,2.165644172,0.220858896
74,1964,PHI,4.277777778,0.802469136,0.567901235,2.716049383,0.185185185
75,1964,PIT,4.092592593,0.74691358,-0.49382716,2.518518519,0.240740741
76,1964,SFN,4.049382716,1.018518519,-0.555555556,3.117283951,0.395061728
77,1964,SLN,4.413580247,0.672839506,-0.574074074,2.635802469,0.450617284
78,1964,WS2,3.567901235,0.771604938,0.382716049,3.172839506,0.290123457
79,1965,BAL,3.956790123,0.771604938,0.580246914,3.265432099,0.413580247
80,1965,BOS,4.12962963,1.018518519,0.382716049,3.74691358,0.290123457
81,1965,CAL,3.25308642,0.567901235,0.462962963,2.734567901,0.660493827
82,1965,CHA,3.99382716,0.771604938,0.586419753,3.290123457,0.308641975
83,1965,CHN,3.87195122,0.817073171,0.43902439,3.243902439,0.396341463
84,1965,CIN,5.092592593,1.12962963,0.549382716,3.320987654,0.50617284
85,1965,CLE,4.092592593,0.962962963,0.537037037,3.12345679,0.672839506
86,1965,DET,4.197530864,1,0.549382716,3.419753086,0.351851852
87,1965,HOU,3.512345679,0.598765432,0.401234568,3.098765432,0.555555556
88,1965,KC1,3.611111111,0.679012346,0.364197531,3.216049383,0.679012346
89,1965,LAN,3.75308642,0.481481481,0.598765432,3.037037037,1.061728395
90,1965,MIN,4.777777778,0.925925926,0.62962963,3.419753086,0.567901235
91,1965,ML1,4.37037037,1.209876543,0.530864198,2.518518519,0.395061728
92,1965,NYA,3.771604938,0.919753086,0.475308642,3.018518519,0.216049383
93,1965,NYN,3.018292683,0.652439024,0.304878049,2.390243902,0.170731707
94,1965,PHI,4.037037037,0.888888889,0.524691358,3.049382716,0.283950617
95,1965,PIT,4.141104294,0.680981595,0.552147239,2.570552147,0.312883436
96,1965,SFN,4.18404908,0.975460123,0.582822086,2.920245399,0.288343558
97,1965,SLN,4.364197531,0.672839506,0.49382716,2.944444444,0.617283951
98,1965,WS2,3.648148148,0.839506173,0.432098765,3.518518519,0.185185185
99,1966,ATL,4.797546012,1.26993865,0.521472393,3.141104294,0.36196319
100,1966,BAL,4.71875,1.09375,0.60625,3.2125,0.34375
101,1966,BOS,4.043209877,0.895061728,0.444444444,3.345679012,0.216049383
102,1966,CAL,3.728395062,0.75308642,0.49382716,3.240740741,0.49382716
103,1966,CHA,3.521472393,0.533742331,0.509202454,2.920245399,0.938650307
104,1966,CHN,3.975308642,0.864197531,0.364197531,2.820987654,0.469135802
105,1966,CIN,4.325,0.93125,0.475,2.4625,0.4375
106,1966,CLE,3.543209877,0.956790123,0.5,2.777777778,0.327160494
107,1966,DET,4.438271605,1.104938272,0.543209877,3.401234568,0.25308642
108,1966,HOU,3.754601227,0.687116564,0.441717791,3.012269939,0.552147239
109,1966,KC1,3.525,0.4375,0.4625,2.63125,0.825
110,1966,LAN,3.740740741,0.666666667,0.586419753,2.654320988,0.580246914
111,1966,MIN,4.092592593,0.888888889,0.549382716,3.166666667,0.413580247
112,1966,NYA,3.81875,1.0125,0.4375,3.03125,0.30625
113,1966,NYN,3.645962733,0.608695652,0.409937888,2.770186335,0.341614907
114,1966,PHI,4.296296296,0.722222222,0.537037037,3.148148148,0.345679012
115,1966,PIT,4.685185185,0.975308642,0.567901235,2.5,0.395061728
116,1966,SFN,4.192546584,1.124223602,0.577639752,2.571428571,0.180124224
117,1966,SLN,3.524691358,0.666666667,0.512345679,2.12962963,0.888888889
118,1966,WS2,3.503144654,0.79245283,0.446540881,2.830188679,0.333333333
119,1967,ATL,3.895061728,0.975308642,0.475308642,3.160493827,0.339506173
120,1967,BAL,4.062111801,0.857142857,0.472049689,3.298136646,0.335403727
121,1967,BOS,4.456790123,0.975308642,0.567901235,3.222222222,0.419753086
122,1967,CAL,3.52173913,0.708074534,0.52173913,2.813664596,0.248447205
123,1967,CHA,3.277777778,0.549382716,0.549382716,2.962962963,0.765432099
124,1967,CHN,4.333333333,0.790123457,0.537037037,3.141975309,0.388888889
125,1967,CIN,3.728395062,0.672839506,0.537037037,2.296296296,0.567901235
126,1967,CLE,3.450617284,0.808641975,0.462962963,2.549382716,0.327160494
127,1967,DET,4.190184049,0.932515337,0.558282209,3.840490798,0.226993865
128,1967,HOU,3.864197531,0.574074074,0.425925926,3.314814815,0.543209877
129,1967,KC1,3.310559006,0.428571429,0.385093168,2.807453416,0.819875776
130,1967,LAN,3.203703704,0.50617284,0.450617284,2.99382716,0.345679012
131,1967,MIN,4.091463415,0.798780488,0.554878049,3.12195122,0.335365854
132,1967,NYA,3.202453988,0.613496933,0.441717791,3.263803681,0.386503067
133,1967,NYN,3.074074074,0.512345679,0.37654321,2.234567901,0.358024691
134,1967,PHI,3.777777778,0.635802469,0.50617284,3.364197531,0.487654321
135,1967,PIT,4.165644172,0.558282209,0.496932515,2.374233129,0.484662577
136,1967,SFN,4.024691358,0.864197531,0.561728395,3.209876543,0.135802469
137,1967,SLN,4.316770186,0.714285714,0.627329193,2.751552795,0.633540373
138,1967,WS2,3.416149068,0.714285714,0.472049689,2.931677019,0.329192547
139,1968,ATL,3.153374233,0.490797546,0.496932515,2.539877301,0.509202454
140,1968,BAL,3.574074074,0.820987654,0.561728395,3.518518519,0.481481481
141,1968,BOS,3.790123457,0.771604938,0.530864198,3.592592593,0.469135802
142,1968,CAL,3.074074074,0.512345679,0.413580247,2.759259259,0.382716049
143,1968,CHA,2.858024691,0.438271605,0.413580247,2.450617284,0.555555556
144,1968,CHN,3.754601227,0.797546012,0.515337423,2.54601227,0.251533742
145,1968,CIN,4.233128834,0.650306748,0.509202454,2.325153374,0.36196319
146,1968,CLE,3.185185185,0.462962963,0.530864198,2.635802469,0.709876543
147,1968,DET,4.091463415,1.12804878,0.62804878,3.176829268,0.158536585
148,1968,HOU,3.148148148,0.407407407,0.444444444,2.956790123,0.271604938
149,1968,LAN,2.901234568,0.413580247,0.469135802,2.709876543,0.351851852
150,1968,MIN,3.469135802,0.648148148,0.487654321,2.74691358,0.604938272
151,1968,NYA,3.268292683,0.664634146,0.506097561,3.451219512,0.548780488
152,1968,NYN,2.901840491,0.496932515,0.447852761,2.325153374,0.441717791
153,1968,OAK,3.490797546,0.576687117,0.503067485,2.895705521,0.901840491
154,1968,PHI,3.351851852,0.617283951,0.469135802,2.851851852,0.358024691
155,1968,PIT,3.576687117,0.490797546,0.490797546,2.588957055,0.797546012
156,1968,SFN,3.674846626,0.662576687,0.539877301,3.116564417,0.306748466
157,1968,SLN,3.598765432,0.450617284,0.598765432,2.333333333,0.679012346
158,1968,WS2,3.254658385,0.770186335,0.403726708,2.819875776,0.180124224
159,1969,ATL,4.265432099,0.87037037,0.574074074,2.99382716,0.364197531
160,1969,BAL,4.808641975,1.080246914,0.672839506,3.913580247,0.50617284
161,1969,BOS,4.586419753,1.216049383,0.537037037,4.061728395,0.25308642
162,1969,CAL,3.239263804,0.539877301,0.435582822,3.165644172,0.331288344
163,1969,CHA,3.858024691,0.691358025,0.419753086,3.407407407,0.333333333
164,1969,CHN,4.417177914,0.871165644,0.564417178,3.429447853,0.18404908
165,1969,CIN,4.895705521,1.049079755,0.54601227,2.90797546,0.484662577
166,1969,CLE,3.559006211,0.739130435,0.385093168,3.322981366,0.527950311
167,1969,DET,4.327160494,1.12345679,0.555555556,3.567901235,0.216049383
168,1969,HOU,4.172839506,0.641975309,0.5,4.314814815,0.62345679
169,1969,KCA,3.595092025,0.601226994,0.423312883,3.202453988,0.791411043
170,1969,LAN,3.981481481,0.598765432,0.524691358,2.987654321,0.49382716
171,1969,MIN,4.87654321,1.00617284,0.598765432,3.697530864,0.709876543
172,1969,MON,3.592592593,0.771604938,0.320987654,3.265432099,0.320987654
173,1969,NYA,3.469135802,0.580246914,0.49382716,3.487654321,0.734567901
174,1969,NYN,3.901234568,0.672839506,0.617283951,3.25308642,0.407407407
175,1969,OAK,4.567901235,0.913580247,0.543209877,3.808641975,0.617283951
176,1969,PHI,3.981481481,0.845679012,0.388888889,3.388888889,0.450617284
177,1969,PIT,4.475308642,0.734567901,0.543209877,2.802469136,0.456790123
178,1969,SDN,2.888888889,0.611111111,0.320987654,2.611111111,0.277777778
179,1969,SE1,3.920245399,0.766871166,0.392638037,3.840490798,1.024539877
180,1969,SFN,4.401234568,0.839506173,0.555555556,4.388888889,0.438271605
181,1969,SLN,3.672839506,0.555555556,0.537037037,3.104938272,0.537037037
182,1969,WS2,4.283950617,0.913580247,0.530864198,3.888888889,0.320987654
183,1970,ATL,4.543209877,0.987654321,0.469135802,3.222222222,0.358024691
184,1970,BAL,4.888888889,1.104938272,0.666666667,4.425925926,0.518518519
185,1970,BOS,4.851851852,1.25308642,0.537037037,3.666666667,0.308641975
186,1970,CAL,3.895061728,0.703703704,0.530864198,2.759259259,0.425925926
187,1970,CHA,3.907407407,0.759259259,0.345679012,2.944444444,0.327160494
188,1970,CHN,4.975308642,1.104938272,0.518518519,3.74691358,0.240740741
189,1970,CIN,4.783950617,1.179012346,0.62962963,3.37654321,0.709876543
190,1970,CLE,4.00617284,1.12962963,0.469135802,3.104938272,0.154320988
191,1970,DET,4.111111111,0.913580247,0.487654321,4.049382716,0.179012346
192,1970,HOU,4.592592593,0.796296296,0.487654321,3.691358025,0.703703704
193,1970,KCA,3.771604938,0.598765432,0.401234568,3.172839506,0.598765432
194,1970,LAN,4.652173913,0.540372671,0.540372671,3.360248447,0.857142857
195,1970,MIN,4.592592593,0.944444444,0.604938272,3.092592593,0.351851852
196,1970,ML4,3.760736196,0.773006135,0.398773006,3.63190184,0.558282209
197,1970,MON,4.240740741,0.839506173,0.450617284,4.067901235,0.401234568
198,1970,NYA,4.171779141,0.680981595,0.570552147,3.607361963,0.644171779
199,1970,NYN,4.290123457,0.740740741,0.512345679,4.222222222,0.728395062
200,1970,OAK,4.185185185,1.055555556,0.549382716,3.604938272,0.808641975
201,1970,PHI,3.689440994,0.627329193,0.453416149,3.223602484,0.447204969
202,1970,PIT,4.5,0.802469136,0.549382716,2.740740741,0.407407407
203,1970,SDN,4.203703704,1.061728395,0.388888889,3.086419753,0.37037037
204,1970,SFN,5.12962963,1.018518519,0.530864198,4.5,0.512345679
205,1970,SLN,4.592592593,0.697530864,0.469135802,3.512345679,0.722222222
206,1970,WS2,3.864197531,0.851851852,0.432098765,3.919753086,0.444444444
207,1971,ATL,3.969135802,0.944444444,0.50617284,2.679012346,0.351851852
208,1971,BAL,4.696202532,1,0.639240506,4.253164557,0.417721519
209,1971,BOS,4.265432099,0.99382716,0.524691358,3.407407407,0.314814815
210,1971,CAL,3.154320988,0.592592593,0.469135802,2.722222222,0.444444444
211,1971,CHA,3.808641975,0.851851852,0.487654321,3.469135802,0.512345679
212,1971,CHN,3.932098765,0.790123457,0.512345679,3.25308642,0.271604938
213,1971,CIN,3.617283951,0.851851852,0.487654321,2.703703704,0.364197531
214,1971,CLE,3.351851852,0.672839506,0.37037037,2.882716049,0.351851852
215,1971,DET,4.327160494,1.104938272,0.561728395,3.333333333,0.216049383
216,1971,HOU,3.611111111,0.438271605,0.487654321,2.950617284,0.62345679
217,1971,KCA,3.745341615,0.49689441,0.527950311,3.043478261,0.807453416
218,1971,LAN,4.092592593,0.586419753,0.549382716,3.018518519,0.469135802
219,1971,MIN,4.0875,0.725,0.4625,3.2,0.4125
220,1971,ML4,3.316770186,0.645962733,0.428571429,3.372670807,0.50931677
221,1971,MON,3.839506173,0.543209877,0.438271605,3.351851852,0.314814815
222,1971,NYA,4,0.598765432,0.50617284,3.586419753,0.462962963
223,1971,NYN,3.62962963,0.604938272,0.512345679,3.37654321,0.549382716
224,1971,OAK,4.291925466,0.99378882,0.627329193,3.366459627,0.49689441
225,1971,PHI,3.444444444,0.759259259,0.413580247,3.080246914,0.388888889
226,1971,PIT,4.864197531,0.950617284,0.598765432,2.895061728,0.401234568
227,1971,SDN,3.01863354,0.596273292,0.378881988,2.720496894,0.434782609
228,1971,SFN,4.358024691,0.864197531,0.555555556,4.037037037,0.62345679
229,1971,SLN,4.533742331,0.582822086,0.552147239,3.331288344,0.760736196
230,1971,WS2,3.377358491,0.540880503,0.396226415,3.616352201,0.427672956
231,1972,ATL,4.051612903,0.929032258,0.451612903,3.432258065,0.303225806
232,1972,BAL,3.37012987,0.649350649,0.519480519,3.292207792,0.506493506
233,1972,BOS,4.129032258,0.8,0.548387097,3.367741935,0.425806452
234,1972,CAL,2.929032258,0.503225806,0.483870968,2.309677419,0.367741935
235,1972,CHA,3.675324675,0.701298701,0.564935065,3.318181818,0.649350649
236,1972,CHN,4.391025641,0.852564103,0.544871795,3.621794872,0.442307692
237,1972,CIN,4.590909091,0.805194805,0.616883117,3.935064935,0.909090909
238,1972,CLE,3.025641026,0.583333333,0.461538462,2.692307692,0.314102564
239,1972,DET,3.576923077,0.782051282,0.551282051,3.096153846,0.108974359
240,1972,HOU,4.62745098,0.875816993,0.549019608,3.424836601,0.725490196
241,1972,KCA,3.766233766,0.506493506,0.493506494,3.467532468,0.551948052
242,1972,LAN,3.767741935,0.632258065,0.548387097,3.096774194,0.529032258
243,1972,MIN,3.487012987,0.603896104,0.5,3.103896104,0.344155844
244,1972,ML4,3.16025641,0.564102564,0.416666667,3.025641026,0.41025641
245,1972,MON,3.288461538,0.583333333,0.448717949,3.038461538,0.435897436
246,1972,NYA,3.593548387,0.664516129,0.509677419,3.167741935,0.458064516
247,1972,NYN,3.384615385,0.673076923,0.532051282,3.775641026,0.262820513
248,1972,OAK,3.896774194,0.864516129,0.6,2.987096774,0.561290323
249,1972,PHI,3.224358974,0.628205128,0.378205128,3.121794872,0.269230769
250,1972,PIT,4.458064516,0.709677419,0.619354839,2.606451613,0.316129032
251,1972,SDN,3.189542484,0.666666667,0.379084967,2.660130719,0.509803922
252,1972,SFN,4.270967742,0.967741935,0.44516129,3.096774194,0.793548387
253,1972,SLN,3.641025641,0.448717949,0.480769231,2.801282051,0.666666667
254,1972,TEX,2.993506494,0.363636364,0.350649351,3.266233766,0.818181818
255,1973,ATL,4.932098765,1.271604938,0.469135802,3.75308642,0.518518519
256,1973,BAL,4.654320988,0.734567901,0.598765432,4,0.901234568
257,1973,BOS,4.555555556,0.907407407,0.549382716,3.586419753,0.703703704
258,1973,CAL,3.882716049,0.574074074,0.487654321,3.141975309,0.364197531
259,1973,CHA,4.024691358,0.685185185,0.475308642,3.314814815,0.512345679
260,1973,CHN,3.813664596,0.726708075,0.47826087,3.571428571,0.403726708
261,1973,CIN,4.574074074,0.845679012,0.611111111,3.944444444,0.913580247
262,1973,CLE,4.197530864,0.975308642,0.438271605,2.907407407,0.37037037
263,1973,DET,3.962962963,0.969135802,0.524691358,3.141975309,0.172839506
264,1973,HOU,4.203703704,0.827160494,0.50617284,2.895061728,0.567901235
265,1973,KCA,4.660493827,0.703703704,0.543209877,3.975308642,0.648148148
266,1973,LAN,4.166666667,0.679012346,0.586419753,3.067901235,0.672839506
267,1973,MIN,4.555555556,0.740740741,0.5,3.691358025,0.537037037
268,1973,ML4,4.37037037,0.895061728,0.456790123,3.475308642,0.679012346
269,1973,MON,4.12345679,0.771604938,0.487654321,4.290123457,0.475308642
270,1973,NYA,3.956790123,0.808641975,0.49382716,3.018518519,0.290123457
271,1973,NYN,3.776397516,0.527950311,0.50931677,3.354037267,0.167701863
272,1973,OAK,4.679012346,0.907407407,0.580246914,3.672839506,0.790123457
273,1973,PHI,3.962962963,0.827160494,0.438271605,2.938271605,0.314814815
274,1973,PIT,4.345679012,0.950617284,0.49382716,2.666666667,0.141975309
275,1973,SDN,3.382716049,0.691358025,0.37037037,2.475308642,0.543209877
276,1973,SFN,4.561728395,0.99382716,0.543209877,3.641975309,0.691358025
277,1973,SLN,3.969135802,0.462962963,0.5,3.277777778,0.617283951
278,1973,TEX,3.820987654,0.679012346,0.351851852,3.104938272,0.561728395
279,1974,ATL,4.055214724,0.736196319,0.539877301,3.503067485,0.441717791
280,1974,BAL,4.067901235,0.716049383,0.561728395,3.141975309,0.895061728
281,1974,BOS,4.296296296,0.672839506,0.518518519,3.512345679,0.641975309
282,1974,CAL,3.791411043,0.582822086,0.417177914,3.122699387,0.73006135
283,1974,CHA,4.196319018,0.828220859,0.490797546,3.18404908,0.392638037
284,1974,CHN,4.12962963,0.679012346,0.407407407,3.833333333,0.481481481
285,1974,CIN,4.760736196,0.828220859,0.601226994,4.251533742,0.895705521
286,1974,CLE,4.086419753,0.808641975,0.475308642,2.666666667,0.487654321
287,1974,DET,3.827160494,0.808641975,0.444444444,2.691358025,0.413580247
288,1974,HOU,4.030864198,0.679012346,0.5,2.907407407,0.666666667
289,1974,KCA,4.117283951,0.549382716,0.475308642,3.395061728,0.901234568
290,1974,LAN,4.925925926,0.858024691,0.62962963,3.685185185,0.919753086
291,1974,MIN,4.128834356,0.680981595,0.503067485,3.190184049,0.45398773
292,1974,ML4,3.99382716,0.740740741,0.469135802,3.086419753,0.654320988
293,1974,MON,4.111801242,0.534161491,0.49068323,4.049689441,0.770186335
294,1974,NYA,4.141975309,0.62345679,0.549382716,3.179012346,0.327160494
295,1974,NYN,3.530864198,0.592592593,0.438271605,3.685185185,0.265432099
296,1974,OAK,4.25308642,0.814814815,0.555555556,3.50617284,1.012345679
297,1974,PHI,4.172839506,0.586419753,0.49382716,2.895061728,0.709876543
298,1974,PIT,4.635802469,0.703703704,0.543209877,3.172839506,0.339506173
299,1974,SDN,3.339506173,0.611111111,0.37037037,3.481481481,0.524691358
300,1974,SFN,3.913580247,0.574074074,0.444444444,3.382716049,0.660493827
301,1974,SLN,4.204968944,0.51552795,0.534161491,3.298136646,1.068322981
302,1974,TEX,4.285714286,0.614906832,0.52173913,3.155279503,0.701863354
303,1975,ATL,3.621118012,0.664596273,0.416149068,3.372670807,0.341614907
304,1975,BAL,4.289308176,0.779874214,0.566037736,3.647798742,0.65408805
305,1975,BOS,4.975,0.8375,0.59375,3.53125,0.4125
306,1975,CAL,3.900621118,0.341614907,0.447204969,3.683229814,1.366459627
307,1975,CHA,4.068322981,0.583850932,0.465838509,3.795031056,0.627329193
308,1975,CHN,4.395061728,0.586419753,0.462962963,4.012345679,0.413580247
309,1975,CIN,5.185185185,0.765432099,0.666666667,4.265432099,1.037037037
310,1975,CLE,4.327044025,0.962264151,0.496855346,3.301886792,0.666666667
311,1975,DET,3.58490566,0.786163522,0.358490566,2.408805031,0.396226415
312,1975,HOU,4.098765432,0.518518519,0.395061728,3.228395062,0.820987654
313,1975,KCA,4.382716049,0.728395062,0.561728395,3.648148148,0.956790123
314,1975,LAN,4,0.728395062,0.543209877,3.771604938,0.851851852
315,1975,MIN,4.553459119,0.761006289,0.477987421,3.540880503,0.509433962
316,1975,ML4,4.166666667,0.901234568,0.419753086,3.413580247,0.401234568
317,1975,MON,3.709876543,0.604938272,0.462962963,3.574074074,0.666666667
318,1975,NYA,4.25625,0.6875,0.51875,3.0375,0.6375
319,1975,NYN,3.987654321,0.62345679,0.50617284,3.092592593,0.197530864
320,1975,OAK,4.679012346,0.932098765,0.604938272,3.759259259,1.12962963
321,1975,PHI,4.537037037,0.771604938,0.530864198,3.765432099,0.777777778
322,1975,PIT,4.422360248,0.857142857,0.571428571,2.906832298,0.304347826
323,1975,SDN,3.407407407,0.481481481,0.438271605,3.12345679,0.524691358
324,1975,SFN,4.093167702,0.52173913,0.49689441,3.751552795,0.614906832
325,1975,SLN,4.061349693,0.496932515,0.503067485,2.72392638,0.711656442
326,1975,TEX,4.407407407,0.827160494,0.487654321,3.783950617,0.62962963
327,1976,ATL,3.827160494,0.50617284,0.432098765,3.635802469,0.456790123
328,1976,BAL,3.820987654,0.734567901,0.543209877,3.203703704,0.925925926
329,1976,BOS,4.419753086,0.827160494,0.512345679,3.086419753,0.586419753
330,1976,CAL,3.395061728,0.388888889,0.469135802,3.296296296,0.777777778
331,1976,CHA,3.639751553,0.453416149,0.397515528,2.925465839,0.745341615
332,1976,CHN,3.771604938,0.648148148,0.462962963,3.024691358,0.456790123
333,1976,CIN,5.290123457,0.87037037,0.62962963,4.203703704,1.296296296
334,1976,CLE,3.867924528,0.534591195,0.509433962,3.012578616,0.471698113
335,1976,DET,3.782608696,0.627329193,0.459627329,2.795031056,0.664596273
336,1976,HOU,3.858024691,0.407407407,0.49382716,3.271604938,0.925925926
337,1976,KCA,4.401234568,0.401234568,0.555555556,2.987654321,1.345679012
338,1976,LAN,3.75308642,0.561728395,0.567901235,3,0.888888889
339,1976,MIN,4.586419753,0.5,0.524691358,3.395061728,0.901234568
340,1976,ML4,3.540372671,0.546583851,0.409937888,3.173913043,0.385093168
341,1976,MON,3.277777778,0.580246914,0.339506173,2.672839506,0.530864198
342,1976,NYA,4.591194969,0.754716981,0.610062893,2.955974843,1.025157233
343,1976,NYN,3.796296296,0.62962963,0.530864198,3.462962963,0.407407407
344,1976,OAK,4.260869565,0.701863354,0.540372671,3.677018634,2.118012422
345,1976,PHI,4.75308642,0.679012346,0.62345679,3.345679012,0.783950617
346,1976,PIT,4.37037037,0.679012346,0.567901235,2.672839506,0.802469136
347,1976,SDN,3.518518519,0.395061728,0.450617284,3.012345679,0.567901235
348,1976,SFN,3.672839506,0.524691358,0.456790123,3.197530864,0.543209877
349,1976,SLN,3.882716049,0.388888889,0.444444444,3.160493827,0.759259259
350,1976,TEX,3.802469136,0.49382716,0.469135802,3.50617284,0.537037037
351,1977,ATL,4.185185185,0.858024691,0.37654321,3.314814815,0.50617284
352,1977,BAL,4.465838509,0.919254658,0.602484472,3.47826087,0.559006211
353,1977,BOS,5.335403727,1.322981366,0.602484472,3.279503106,0.409937888
354,1977,CAL,4.166666667,0.808641975,0.456790123,3.345679012,0.981481481
355,1977,CHA,5.209876543,1.185185185,0.555555556,3.450617284,0.259259259
356,1977,CHN,4.271604938,0.685185185,0.5,3.296296296,0.395061728
357,1977,CIN,4.950617284,1.117283951,0.543209877,3.703703704,1.049382716
358,1977,CLE,4.198757764,0.621118012,0.440993789,3.298136646,0.540372671
359,1977,DET,4.407407407,1.024691358,0.456790123,2.790123457,0.37037037
360,1977,HOU,4.197530864,0.703703704,0.5,3.179012346,1.154320988
361,1977,KCA,5.074074074,0.901234568,0.62962963,3.222222222,1.049382716
362,1977,LAN,4.74691358,1.179012346,0.604938272,3.62962963,0.703703704
363,1977,MIN,5.385093168,0.763975155,0.52173913,3.49689441,0.652173913
364,1977,ML4,3.944444444,0.771604938,0.413580247,2.734567901,0.524691358
365,1977,MON,4.104938272,0.851851852,0.462962963,2.950617284,0.543209877
366,1977,NYA,5.12962963,1.135802469,0.617283951,3.290123457,0.574074074
367,1977,NYN,3.62345679,0.543209877,0.395061728,3.265432099,0.604938272
368,1977,OAK,3.757763975,0.726708075,0.391304348,3.204968944,1.093167702
369,1977,PHI,5.228395062,1.148148148,0.62345679,3.537037037,0.833333333
370,1977,PIT,4.530864198,0.820987654,0.592592593,2.925925926,1.604938272
371,1977,SDN,4.271604938,0.740740741,0.425925926,3.716049383,0.820987654
372,1977,SEA,3.851851852,0.820987654,0.395061728,2.62962963,0.679012346
373,1977,SFN,4.154320988,0.827160494,0.462962963,3.50617284,0.555555556
374,1977,SLN,4.549382716,0.592592593,0.512345679,3.018518519,0.827160494
375,1977,TEX,4.734567901,0.833333333,0.580246914,3.679012346,0.950617284
376,1977,TOR,3.757763975,0.621118012,0.335403727,3.099378882,0.403726708
377,1978,ATL,3.703703704,0.759259259,0.425925926,3.395061728,0.555555556
378,1978,BAL,4.093167702,0.956521739,0.559006211,3.428571429,0.465838509
379,1978,BOS,4.883435583,1.055214724,0.607361963,3.570552147,0.45398773
380,1978,CAL,4.265432099,0.666666667,0.537037037,3.327160494,0.530864198
381,1978,CHA,3.937888199,0.658385093,0.440993789,2.540372671,0.51552795
382,1978,CHN,4.098765432,0.444444444,0.487654321,3.469135802,0.679012346
383,1978,CIN,4.409937888,0.844720497,0.571428571,3.950310559,0.850931677
384,1978,CLE,4.018867925,0.666666667,0.433962264,3.06918239,0.402515723
385,1978,DET,4.407407407,0.796296296,0.530864198,3.475308642,0.555555556
386,1978,HOU,3.734567901,0.432098765,0.456790123,2.679012346,1.098765432
387,1978,KCA,4.586419753,0.604938272,0.567901235,3.074074074,1.333333333
388,1978,LAN,4.487654321,0.919753086,0.586419753,3.765432099,0.845679012
389,1978,MIN,4.111111111,0.50617284,0.450617284,3.728395062,0.611111111
390,1978,ML4,4.962962963,1.067901235,0.574074074,3.209876543,0.586419753
391,1978,MON,3.907407407,0.74691358,0.469135802,2.444444444,0.49382716
392,1978,NYA,4.509202454,0.766871166,0.613496933,3.098159509,0.601226994
393,1978,NYN,3.74691358,0.530864198,0.407407407,3.388888889,0.617283951
394,1978,OAK,3.283950617,0.617283951,0.425925926,2.672839506,0.888888889
395,1978,PHI,4.37037037,0.820987654,0.555555556,3.407407407,0.938271605
396,1978,PIT,4.248447205,0.714285714,0.546583851,2.98136646,1.322981366
397,1978,SDN,3.648148148,0.462962963,0.518518519,3.308641975,0.938271605
398,1978,SEA,3.8375,0.60625,0.35,3.2625,0.76875
399,1978,SFN,3.783950617,0.722222222,0.549382716,3.419753086,0.537037037
400,1978,SLN,3.703703704,0.487654321,0.425925926,2.592592593,0.598765432
401,1978,TEX,4.271604938,0.814814815,0.537037037,3.851851852,1.209876543
402,1978,TOR,3.664596273,0.608695652,0.366459627,2.782608696,0.173913043
403,1979,ATL,4.18125,0.7875,0.4125,3.0625,0.6125
404,1979,BAL,4.761006289,1.13836478,0.641509434,3.823899371,0.622641509
405,1979,BOS,5.25625,1.2125,0.56875,3.2,0.375
406,1979,CAL,5.345679012,1.012345679,0.543209877,3.635802469,0.617283951
407,1979,CHA,4.5625,0.79375,0.45625,2.8375,0.60625
408,1979,CHN,4.358024691,0.833333333,0.49382716,2.950617284,0.450617284
409,1979,CIN,4.540372671,0.819875776,0.559006211,3.813664596,0.614906832
410,1979,CLE,4.720496894,0.857142857,0.50310559,4.080745342,0.888198758
411,1979,DET,4.782608696,1.01863354,0.527950311,3.571428571,1.093167702
412,1979,HOU,3.598765432,0.302469136,0.549382716,2.845679012,1.172839506
413,1979,KCA,5.25308642,0.716049383,0.524691358,3.259259259,1.277777778
414,1979,LAN,4.561728395,1.12962963,0.487654321,3.432098765,0.654320988
415,1979,MIN,4.716049383,0.691358025,0.50617284,3.24691358,0.407407407
416,1979,ML4,5.01242236,1.149068323,0.590062112,3.409937888,0.621118012
417,1979,MON,4.38125,0.89375,0.59375,2.7,0.75625
418,1979,NYA,4.5875,0.9375,0.55625,3.18125,0.40625
419,1979,NYN,3.63803681,0.45398773,0.386503067,3.055214724,0.828220859
420,1979,OAK,3.537037037,0.666666667,0.333333333,2.975308642,0.641975309
421,1979,PHI,4.190184049,0.73006135,0.515337423,3.693251534,0.785276074
422,1979,PIT,4.754601227,0.90797546,0.601226994,2.963190184,1.104294479
423,1979,SDN,3.745341615,0.577639752,0.422360248,3.316770186,0.621118012
424,1979,SEA,4.388888889,0.814814815,0.413580247,3.179012346,0.777777778
425,1979,SFN,4.148148148,0.771604938,0.438271605,3.580246914,0.864197531
426,1979,SLN,4.484662577,0.613496933,0.527607362,2.82208589,0.711656442
427,1979,TEX,4.62962963,0.864197531,0.512345679,2.845679012,0.487654321
428,1979,TOR,3.783950617,0.586419753,0.327160494,2.765432099,0.462962963
429,1980,ATL,3.913043478,0.894409938,0.50310559,2.695652174,0.453416149
430,1980,BAL,4.969135802,0.962962963,0.617283951,3.62345679,0.685185185
431,1980,BOS,4.73125,1.0125,0.51875,2.96875,0.49375
432,1980,CAL,4.3625,0.6625,0.40625,3.36875,0.56875
433,1980,CHA,3.62345679,0.561728395,0.432098765,2.462962963,0.419753086
434,1980,CHN,3.790123457,0.660493827,0.395061728,2.907407407,0.574074074
435,1980,CIN,4.337423313,0.693251534,0.54601227,3.294478528,0.957055215
436,1980,CLE,4.6125,0.55625,0.49375,3.85625,0.7375
437,1980,DET,5.09202454,0.877300613,0.515337423,3.957055215,0.460122699
438,1980,HOU,3.90797546,0.460122699,0.570552147,3.312883436,1.190184049
439,1980,KCA,4.99382716,0.709876543,0.598765432,3.135802469,1.141975309
440,1980,LAN,4.067484663,0.90797546,0.564417178,3.018404908,0.754601227
441,1980,MIN,4.161490683,0.614906832,0.47826087,2.708074534,0.385093168
442,1980,ML4,5.00617284,1.25308642,0.530864198,2.808641975,0.808641975
443,1980,MON,4.283950617,0.703703704,0.555555556,3.37654321,1.462962963
444,1980,NYA,5.061728395,1.166666667,0.635802469,3.969135802,0.530864198
445,1980,NYN,3.771604938,0.37654321,0.413580247,3.092592593,0.975308642
446,1980,OAK,4.234567901,0.845679012,0.512345679,3.12345679,1.080246914
447,1980,PHI,4.49382716,0.722222222,0.561728395,2.913580247,0.864197531
448,1980,PIT,4.111111111,0.716049383,0.512345679,2.790123457,1.290123457
449,1980,SDN,3.625766871,0.411042945,0.447852761,3.45398773,1.466257669
450,1980,SEA,3.742331288,0.63803681,0.36196319,2.963190184,0.711656442
451,1980,SFN,3.559006211,0.49689441,0.465838509,3.161490683,0.621118012
452,1980,SLN,4.555555556,0.62345679,0.456790123,2.783950617,0.722222222
453,1980,TEX,4.63803681,0.760736196,0.466257669,2.944785276,0.558282209
454,1980,TOR,3.851851852,0.777777778,0.413580247,2.765432099,0.413580247
455,1981,ATL,3.691588785,0.598130841,0.46728972,3,0.91588785
456,1981,BAL,4.085714286,0.838095238,0.561904762,3.847619048,0.39047619
457,1981,BOS,4.805555556,0.833333333,0.546296296,3.5,0.296296296
458,1981,CAL,4.327272727,0.881818182,0.463636364,3.572727273,0.4
459,1981,CHA,4.490566038,0.716981132,0.509433962,3.037735849,0.811320755
460,1981,CHN,3.490566038,0.537735849,0.358490566,3.226415094,0.679245283
461,1981,CIN,4.296296296,0.592592593,0.611111111,3.472222222,0.537037037
462,1981,CLE,4.184466019,0.378640777,0.504854369,3.330097087,1.155339806
463,1981,DET,3.917431193,0.596330275,0.550458716,3.706422018,0.559633028
464,1981,HOU,3.581818182,0.409090909,0.554545455,3.090909091,0.736363636
465,1981,KCA,3.854368932,0.59223301,0.485436893,2.922330097,0.970873786
466,1981,LAN,4.090909091,0.745454545,0.572727273,3.009090909,0.663636364
467,1981,MIN,3.436363636,0.427272727,0.372727273,2.5,0.309090909
468,1981,ML4,4.52293578,0.880733945,0.568807339,2.752293578,0.357798165
469,1981,MON,4.101851852,0.75,0.555555556,3.407407407,1.277777778
470,1981,NYA,3.934579439,0.934579439,0.551401869,3.654205607,0.439252336
471,1981,NYN,3.314285714,0.542857143,0.39047619,2.895238095,0.980952381
472,1981,OAK,4.201834862,0.95412844,0.587155963,3.137614679,0.899082569
473,1981,PHI,4.588785047,0.644859813,0.551401869,3.476635514,0.962616822
474,1981,PIT,3.951456311,0.533980583,0.446601942,2.699029126,1.184466019
475,1981,SDN,3.472727273,0.290909091,0.372727273,2.827272727,0.754545455
476,1981,SEA,3.872727273,0.809090909,0.4,2.990909091,0.909090909
477,1981,SFN,3.846846847,0.567567568,0.504504505,3.477477477,0.801801802
478,1981,SLN,4.504854369,0.485436893,0.572815534,3.67961165,0.854368932
479,1981,TEX,4.304761905,0.466666667,0.542857143,2.80952381,0.438095238
480,1981,TOR,3.103773585,0.575471698,0.349056604,2.679245283,0.622641509
481,1982,ATL,4.561728395,0.901234568,0.549382716,3.419753086,0.932098765
482,1982,BAL,4.748466258,1.098159509,0.576687117,3.889570552,0.300613497
483,1982,BOS,4.648148148,0.839506173,0.549382716,3.37654321,0.259259259
484,1982,CAL,5.024691358,1.148148148,0.574074074,3.783950617,0.339506173
485,1982,CHA,4.851851852,0.839506173,0.537037037,3.290123457,0.839506173
486,1982,CHN,4.172839506,0.62962963,0.450617284,2.839506173,0.814814815
487,1982,CIN,3.364197531,0.50617284,0.37654321,2.901234568,0.808641975
488,1982,CLE,4.216049383,0.672839506,0.481481481,4.018518519,0.932098765
489,1982,DET,4.5,1.092592593,0.512345679,2.901234568,0.574074074
490,1982,HOU,3.512345679,0.456790123,0.475308642,2.685185185,0.864197531
491,1982,KCA,4.839506173,0.814814815,0.555555556,2.728395062,0.820987654
492,1982,LAN,4.265432099,0.851851852,0.543209877,3.259259259,0.932098765
493,1982,MIN,4.055555556,0.913580247,0.37037037,2.925925926,0.234567901
494,1982,ML4,5.466257669,1.325153374,0.582822086,2.969325153,0.515337423
495,1982,MON,4.302469136,0.820987654,0.530864198,3.104938272,0.962962963
496,1982,NYA,4.37654321,0.99382716,0.487654321,3.641975309,0.425925926
497,1982,NYN,3.759259259,0.598765432,0.401234568,2.814814815,0.845679012
498,1982,OAK,4.265432099,0.919753086,0.419753086,3.592592593,1.432098765
499,1982,PHI,4.098765432,0.691358025,0.549382716,3.12345679,0.790123457
500,1982,PIT,4.469135802,0.827160494,0.518518519,2.759259259,0.99382716
501,1982,SDN,4.166666667,0.5,0.5,2.648148148,1.018518519
502,1982,SEA,4.018518519,0.802469136,0.469135802,2.814814815,0.808641975
503,1982,SFN,4.154320988,0.820987654,0.537037037,3.74691358,0.802469136
504,1982,SLN,4.228395062,0.413580247,0.567901235,3.512345679,1.234567901
505,1982,TEX,3.641975309,0.709876543,0.395061728,2.759259259,0.388888889
506,1982,TOR,4.018518519,0.654320988,0.481481481,2.561728395,0.728395062
507,1983,ATL,4.604938272,0.802469136,0.543209877,3.592592593,0.901234568
508,1983,BAL,4.932098765,1.037037037,0.604938272,3.709876543,0.37654321
509,1983,BOS,4.469135802,0.87654321,0.481481481,3.308641975,0.185185185
510,1983,CAL,4.456790123,0.950617284,0.432098765,3.141975309,0.25308642
511,1983,CHA,4.938271605,0.969135802,0.611111111,3.25308642,1.018518519
512,1983,CHN,4.327160494,0.864197531,0.438271605,2.901234568,0.518518519
513,1983,CIN,3.845679012,0.660493827,0.456790123,3.62962963,0.950617284
514,1983,CLE,4.345679012,0.530864198,0.432098765,3.734567901,0.672839506
515,1983,DET,4.87037037,0.962962963,0.567901235,3.135802469,0.574074074
516,1983,HOU,3.969135802,0.598765432,0.524691358,3.191358025,1.012345679
517,1983,KCA,4.26993865,0.668711656,0.484662577,2.435582822,1.116564417
518,1983,LAN,4.012269939,0.895705521,0.558282209,3.319018405,1.018404908
519,1983,MIN,4.37654321,0.87037037,0.432098765,2.882716049,0.271604938
520,1983,ML4,4.716049383,0.814814815,0.537037037,2.932098765,0.62345679
521,1983,MON,4.153374233,0.625766871,0.503067485,3.122699387,0.846625767
522,1983,NYA,4.75308642,0.944444444,0.561728395,3.290123457,0.518518519
523,1983,NYN,3.549382716,0.691358025,0.419753086,2.691358025,0.87037037
524,1983,OAK,4.37037037,0.74691358,0.456790123,3.234567901,1.450617284
525,1983,PHI,4.26993865,0.766871166,0.552147239,3.926380368,0.877300613
526,1983,PIT,4.067901235,0.74691358,0.518518519,3.067901235,0.765432099
527,1983,SDN,4.006134969,0.570552147,0.496932515,2.957055215,1.098159509
528,1983,SEA,3.444444444,0.685185185,0.37037037,2.839506173,0.888888889
529,1983,SFN,4.240740741,0.87654321,0.487654321,3.820987654,0.864197531
530,1983,SLN,4.191358025,0.512345679,0.487654321,3.351851852,1.277777778
531,1983,TEX,3.920245399,0.650306748,0.472392638,2.711656442,0.73006135
532,1983,TOR,4.907407407,1.030864198,0.549382716,3.148148148,0.808641975
533,1984,ATL,3.901234568,0.685185185,0.49382716,3.425925926,0.864197531
534,1984,BAL,4.203703704,0.987654321,0.524691358,3.827160494,0.314814815
535,1984,BOS,5,1.117283951,0.530864198,3.086419753,0.234567901
536,1984,CAL,4.296296296,0.925925926,0.5,3.432098765,0.49382716
537,1984,CHA,4.191358025,1.061728395,0.456790123,3.228395062,0.672839506
538,1984,CHN,4.732919255,0.844720497,0.596273292,3.52173913,0.956521739
539,1984,CIN,3.87037037,0.654320988,0.432098765,3.49382716,0.987654321
540,1984,CLE,4.668711656,0.754601227,0.460122699,3.680981595,0.773006135
541,1984,DET,5.117283951,1.154320988,0.641975309,3.716049383,0.654320988
542,1984,HOU,4.277777778,0.487654321,0.49382716,3.049382716,0.648148148
543,1984,KCA,4.154320988,0.722222222,0.518518519,2.469135802,0.654320988
544,1984,LAN,3.580246914,0.62962963,0.487654321,3.012345679,0.672839506
545,1984,MIN,4.154320988,0.703703704,0.5,2.697530864,0.240740741
546,1984,ML4,3.98136646,0.596273292,0.416149068,2.683229814,0.322981366
547,1984,MON,3.683229814,0.596273292,0.48447205,2.919254658,0.813664596
548,1984,NYA,4.679012346,0.802469136,0.537037037,3.296296296,0.382716049
549,1984,NYN,4.024691358,0.660493827,0.555555556,3.086419753,0.919753086
550,1984,OAK,4.555555556,0.975308642,0.475308642,3.50617284,0.895061728
551,1984,PHI,4.444444444,0.907407407,0.5,3.425925926,1.148148148
552,1984,PIT,3.796296296,0.604938272,0.462962963,2.703703704,0.592592593
553,1984,SDN,4.234567901,0.672839506,0.567901235,2.913580247,0.938271605
554,1984,SEA,4.209876543,0.796296296,0.456790123,3.203703704,0.716049383
555,1984,SFN,4.209876543,0.691358025,0.407407407,3.259259259,0.777777778
556,1984,SLN,4.024691358,0.462962963,0.518518519,3.185185185,1.358024691
557,1984,TEX,4.074534161,0.745341615,0.428571429,2.608695652,0.50310559
558,1984,TOR,4.601226994,0.877300613,0.54601227,2.82208589,1.18404908
559,1985,ATL,3.901234568,0.777777778,0.407407407,3.413580247,0.444444444
560,1985,BAL,5.080745342,1.329192547,0.51552795,3.751552795,0.428571429
561,1985,BOS,4.90797546,0.993865031,0.496932515,3.447852761,0.404907975
562,1985,CAL,4.518518519,0.944444444,0.555555556,4,0.654320988
563,1985,CHA,4.515337423,0.895705521,0.521472393,2.889570552,0.662576687
564,1985,CHN,4.234567901,0.925925926,0.475308642,3.469135802,1.12345679
565,1985,CIN,4.179012346,0.703703704,0.549382716,3.555555556,0.981481481
566,1985,CLE,4.5,0.716049383,0.37037037,3.037037037,0.814814815
567,1985,DET,4.527950311,1.254658385,0.52173913,3.267080745,0.465838509
568,1985,HOU,4.358024691,0.74691358,0.512345679,2.944444444,0.592592593
569,1985,KCA,4.240740741,0.950617284,0.561728395,2.919753086,0.790123457
570,1985,LAN,4.209876543,0.796296296,0.586419753,3.327160494,0.839506173
571,1985,MIN,4.351851852,0.87037037,0.475308642,3.098765432,0.419753086
572,1985,ML4,4.285714286,0.627329193,0.440993789,2.869565217,0.428571429
573,1985,MON,3.931677019,0.732919255,0.52173913,3.055900621,1.049689441
574,1985,NYA,5.211180124,1.093167702,0.602484472,3.850931677,0.962732919
575,1985,NYN,4.290123457,0.827160494,0.604938272,3.37037037,0.722222222
576,1985,OAK,4.672839506,0.956790123,0.475308642,3.135802469,0.722222222
577,1985,PHI,4.117283951,0.87037037,0.462962963,3.25308642,0.75308642
578,1985,PIT,3.527950311,0.49689441,0.354037267,3.192546584,0.683229814
579,1985,SDN,4.012345679,0.672839506,0.512345679,3.166666667,0.37037037
580,1985,SEA,4.438271605,1.055555556,0.456790123,3.481481481,0.580246914
581,1985,SFN,3.432098765,0.709876543,0.382716049,3.012345679,0.611111111
582,1985,SLN,4.611111111,0.537037037,0.62345679,3.617283951,1.938271605
583,1985,TEX,3.832298137,0.801242236,0.385093168,3.291925466,0.807453416
584,1985,TOR,4.714285714,0.98136646,0.614906832,3.124223602,0.894409938
585,1986,ATL,3.819875776,0.857142857,0.447204969,3.341614907,0.577639752
586,1986,BAL,4.37037037,1.043209877,0.450617284,3.475308642,0.395061728
587,1986,BOS,4.931677019,0.894409938,0.590062112,3.695652174,0.254658385
588,1986,CAL,4.851851852,1.030864198,0.567901235,4.141975309,0.672839506
589,1986,CHA,3.975308642,0.74691358,0.444444444,3.00617284,0.709876543
590,1986,CHN,4.25,0.96875,0.4375,3.175,0.825
591,1986,CIN,4.518518519,0.888888889,0.530864198,3.617283951,1.092592593
592,1986,CLE,5.098159509,0.963190184,0.515337423,2.797546012,0.865030675
593,1986,DET,4.925925926,1.222222222,0.537037037,3.783950617,0.851851852
594,1986,HOU,4.037037037,0.771604938,0.592592593,3.308641975,1.00617284
595,1986,KCA,4.037037037,0.845679012,0.469135802,2.925925926,0.598765432
596,1986,LAN,3.938271605,0.802469136,0.450617284,2.950617284,0.956790123
597,1986,MIN,4.574074074,1.209876543,0.438271605,3.092592593,0.5
598,1986,ML4,4.142857143,0.788819876,0.47826087,3.291925466,0.621118012
599,1986,MON,3.956521739,0.683229814,0.48447205,3.335403727,1.198757764
600,1986,NYA,4.919753086,1.160493827,0.555555556,3.981481481,0.858024691
601,1986,NYN,4.833333333,0.913580247,0.666666667,3.895061728,0.728395062
602,1986,OAK,4.512345679,1.00617284,0.469135802,3.413580247,0.858024691
603,1986,PHI,4.590062112,0.956521739,0.534161491,3.658385093,0.950310559
604,1986,PIT,4.092592593,0.685185185,0.395061728,3.512345679,0.938271605
605,1986,SDN,4.049382716,0.839506173,0.456790123,2.987654321,0.592592593
606,1986,SEA,4.432098765,0.975308642,0.413580247,3.530864198,0.574074074
607,1986,SFN,4.308641975,0.703703704,0.512345679,3.308641975,0.913580247
608,1986,SLN,3.732919255,0.360248447,0.49068323,3.527950311,1.627329193
609,1986,TEX,4.759259259,1.135802469,0.537037037,3.154320988,0.635802469
610,1986,TOR,4.963190184,1.110429448,0.527607362,3.042944785,0.674846626
611,1987,ATL,4.639751553,0.944099379,0.428571429,3.98136646,0.838509317
612,1987,BAL,4.5,1.302469136,0.413580247,3.234567901,0.425925926
613,1987,BOS,5.197530864,1.074074074,0.481481481,3.740740741,0.475308642
614,1987,CAL,4.75308642,1.061728395,0.462962963,3.641975309,0.771604938
615,1987,CHA,4.617283951,1.067901235,0.475308642,3.00617284,0.851851852
616,1987,CHN,4.472049689,1.298136646,0.472049689,3.130434783,0.677018634
617,1987,CIN,4.833333333,1.185185185,0.518518519,3.172839506,1.043209877
618,1987,CLE,4.580246914,1.154320988,0.37654321,3.018518519,0.864197531
619,1987,DET,5.530864198,1.388888889,0.604938272,4.030864198,0.654320988
620,1987,HOU,4,0.75308642,0.469135802,3.24691358,1
621,1987,KCA,4.413580247,1.037037037,0.512345679,3.228395062,0.771604938
622,1987,LAN,3.919753086,0.771604938,0.450617284,2.74691358,0.790123457
623,1987,MIN,4.851851852,1.209876543,0.524691358,3.228395062,0.697530864
624,1987,ML4,5.320987654,1.00617284,0.561728395,3.691358025,1.086419753
625,1987,MON,4.574074074,0.740740741,0.561728395,3.092592593,1.024691358
626,1987,NYA,4.864197531,1.209876543,0.549382716,3.728395062,0.648148148
627,1987,NYN,5.080246914,1.185185185,0.567901235,3.654320988,0.981481481
628,1987,OAK,4.975308642,1.228395062,0.5,3.660493827,0.864197531
629,1987,PHI,4.333333333,1.043209877,0.49382716,3.62345679,0.685185185
630,1987,PIT,4.462962963,0.808641975,0.49382716,3.302469136,0.864197531
631,1987,SDN,4.12345679,0.697530864,0.401234568,3.561728395,1.222222222
632,1987,SEA,4.691358025,0.99382716,0.481481481,3.086419753,1.074074074
633,1987,SFN,4.833333333,1.265432099,0.555555556,3.154320988,0.777777778
634,1987,SLN,4.925925926,0.580246914,0.586419753,3.975308642,1.530864198
635,1987,TEX,5.080246914,1.197530864,0.462962963,3.5,0.740740741
636,1987,TOR,5.216049383,1.327160494,0.592592593,3.425925926,0.777777778
637,1988,ATL,3.46875,0.6,0.3375,2.7,0.59375
638,1988,BAL,3.416149068,0.850931677,0.335403727,3.130434783,0.428571429
639,1988,BOS,5.018518519,0.765432099,0.549382716,3.845679012,0.401234568
640,1988,CAL,4.407407407,0.765432099,0.462962963,2.895061728,0.530864198
641,1988,CHA,3.919254658,0.819875776,0.440993789,2.770186335,0.608695652
642,1988,CHN,4.049079755,0.693251534,0.472392638,2.472392638,0.736196319
643,1988,CIN,3.98136646,0.757763975,0.540372671,2.97515528,1.285714286
644,1988,CLE,4.111111111,0.827160494,0.481481481,2.567901235,0.598765432
645,1988,DET,4.339506173,0.882716049,0.543209877,3.62962963,0.537037037
646,1988,HOU,3.808641975,0.592592593,0.50617284,2.925925926,1.222222222
647,1988,KCA,4.372670807,0.751552795,0.52173913,3.01863354,0.850931677
648,1988,LAN,3.87654321,0.611111111,0.580246914,2.697530864,0.808641975
649,1988,MIN,4.685185185,0.932098765,0.561728395,3.259259259,0.660493827
650,1988,ML4,4.209876543,0.697530864,0.537037037,2.709876543,0.981481481
651,1988,MON,3.852760736,0.656441718,0.496932515,2.785276074,1.159509202
652,1988,NYA,4.795031056,0.919254658,0.527950311,3.652173913,0.906832298
653,1988,NYN,4.39375,0.95,0.625,3.4,0.875
654,1988,OAK,4.938271605,0.962962963,0.641975309,3.580246914,0.796296296
655,1988,PHI,3.685185185,0.654320988,0.401234568,3.018518519,0.691358025
656,1988,PIT,4.06875,0.6875,0.53125,3.45625,0.74375
657,1988,SDN,3.689440994,0.583850932,0.51552795,3.068322981,0.763975155
658,1988,SEA,4.124223602,0.919254658,0.422360248,2.863354037,0.590062112
659,1988,SFN,4.135802469,0.697530864,0.512345679,3.395061728,0.74691358
660,1988,SLN,3.567901235,0.438271605,0.469135802,2.987654321,1.444444444
661,1988,TEX,3.956521739,0.695652174,0.434782609,3.366459627,0.807453416
662,1988,TOR,4.709876543,0.975308642,0.537037037,3.216049383,0.660493827
663,1989,ATL,3.627329193,0.795031056,0.391304348,3.01242236,0.51552795
664,1989,BAL,4.37037037,0.796296296,0.537037037,3.660493827,0.728395062
665,1989,BOS,4.777777778,0.666666667,0.512345679,3.969135802,0.345679012
666,1989,CAL,4.12962963,0.895061728,0.561728395,2.648148148,0.549382716
667,1989,CHA,4.304347826,0.583850932,0.428571429,2.881987578,0.602484472
668,1989,CHN,4.333333333,0.765432099,0.574074074,2.913580247,0.839506173
669,1989,CIN,3.901234568,0.790123457,0.462962963,3.043209877,0.790123457
670,1989,CLE,3.728395062,0.783950617,0.450617284,3.080246914,0.456790123
671,1989,DET,3.808641975,0.716049383,0.364197531,3.611111111,0.635802469
672,1989,HOU,3.99382716,0.598765432,0.530864198,3.271604938,0.888888889
673,1989,KCA,4.259259259,0.62345679,0.567901235,3.419753086,0.950617284
674,1989,LAN,3.4625,0.55625,0.48125,3.16875,0.50625
675,1989,MIN,4.567901235,0.722222222,0.49382716,2.950617284,0.685185185
676,1989,ML4,4.364197531,0.777777778,0.5,2.808641975,1.018518519
677,1989,MON,3.901234568,0.617283951,0.5,3.530864198,0.987654321
678,1989,NYA,4.335403727,0.807453416,0.459627329,3.118012422,0.850931677
679,1989,NYN,4.216049383,0.907407407,0.537037037,3.111111111,0.975308642
680,1989,OAK,4.395061728,0.783950617,0.611111111,3.469135802,0.969135802
681,1989,PHI,3.858895706,0.754601227,0.411042945,3.423312883,0.650306748
682,1989,PIT,3.884146341,0.579268293,0.451219512,3.432926829,0.945121951
683,1989,SDN,3.962962963,0.740740741,0.549382716,3.407407407,0.839506173
684,1989,SEA,4.283950617,0.827160494,0.450617284,3.018518519,0.5
685,1989,SFN,4.314814815,0.87037037,0.567901235,3.135802469,0.537037037
686,1989,SLN,3.853658537,0.445121951,0.524390244,3.091463415,0.945121951
687,1989,TEX,4.290123457,0.75308642,0.512345679,3.104938272,0.62345679
688,1989,TOR,4.512345679,0.87654321,0.549382716,3.216049383,0.888888889
689,1990,ATL,4.209876543,1,0.401234568,2.919753086,0.567901235
690,1990,BAL,4.155279503,0.819875776,0.472049689,4.099378882,0.583850932
691,1990,BOS,4.314814815,0.654320988,0.543209877,3.691358025,0.327160494
692,1990,CAL,4.259259259,0.907407407,0.49382716,3.49382716,0.425925926
693,1990,CHA,4.209876543,0.654320988,0.580246914,2.950617284,0.864197531
694,1990,CHN,4.259259259,0.839506173,0.475308642,2.50617284,0.932098765
695,1990,CIN,4.277777778,0.771604938,0.561728395,2.87654321,1.024691358
696,1990,CLE,4.518518519,0.679012346,0.475308642,2.827160494,0.660493827
697,1990,DET,4.62962963,1.061728395,0.487654321,3.913580247,0.50617284
698,1990,HOU,3.537037037,0.580246914,0.462962963,3.382716049,1.104938272
699,1990,KCA,4.391304348,0.621118012,0.465838509,3.093167702,0.664596273
700,1990,LAN,4.49382716,0.796296296,0.530864198,3.320987654,0.87037037
701,1990,MIN,4.111111111,0.617283951,0.456790123,2.74691358,0.592592593
702,1990,ML4,4.518518519,0.790123457,0.456790123,3.203703704,1.012345679
703,1990,MON,4.086419753,0.703703704,0.524691358,3.555555556,1.450617284
704,1990,NYA,3.722222222,0.907407407,0.413580247,2.635802469,0.734567901
705,1990,NYN,4.783950617,1.061728395,0.561728395,3.308641975,0.679012346
706,1990,OAK,4.524691358,1.012345679,0.635802469,4.018518519,0.87037037
707,1990,PHI,3.987654321,0.635802469,0.475308642,3.592592593,0.666666667
708,1990,PIT,4.524691358,0.851851852,0.586419753,3.592592593,0.845679012
709,1990,SDN,4.154320988,0.759259259,0.462962963,3.141975309,0.851851852
710,1990,SEA,3.950617284,0.660493827,0.475308642,3.679012346,0.648148148
711,1990,SFN,4.438271605,0.938271605,0.524691358,3.012345679,0.672839506
712,1990,SLN,3.697530864,0.450617284,0.432098765,3.191358025,1.364197531
713,1990,TEX,4.172839506,0.679012346,0.512345679,3.549382716,0.709876543
714,1990,TOR,4.734567901,1.030864198,0.530864198,3.24691358,0.685185185
715,1991,ATL,4.62345679,0.87037037,0.580246914,3.475308642,1.018518519
716,1991,BAL,4.234567901,1.049382716,0.413580247,3.259259259,0.308641975
717,1991,BOS,4.512345679,0.777777778,0.518518519,3.660493827,0.364197531
718,1991,CAL,4.030864198,0.709876543,0.5,2.765432099,0.580246914
719,1991,CHA,4.679012346,0.858024691,0.537037037,3.765432099,0.827160494
720,1991,CHN,4.34375,0.99375,0.48125,2.7625,0.76875
721,1991,CIN,4.25308642,1.012345679,0.456790123,3.012345679,0.765432099
722,1991,CLE,3.555555556,0.487654321,0.351851852,2.771604938,0.518518519
723,1991,DET,5.043209877,1.290123457,0.518518519,4.314814815,0.672839506
724,1991,HOU,3.734567901,0.487654321,0.401234568,3.098765432,0.771604938
725,1991,KCA,4.487654321,0.722222222,0.50617284,3.228395062,0.734567901
726,1991,LAN,4.104938272,0.666666667,0.574074074,3.598765432,0.777777778
727,1991,MIN,4.790123457,0.864197531,0.586419753,3.24691358,0.660493827
728,1991,ML4,4.932098765,0.716049383,0.512345679,3.432098765,0.654320988
729,1991,MON,3.596273292,0.590062112,0.440993789,3.00621118,1.372670807
730,1991,NYA,4.160493827,0.907407407,0.438271605,2.919753086,0.672839506
731,1991,NYN,3.97515528,0.726708075,0.47826087,3.590062112,0.950310559
732,1991,OAK,4.691358025,0.981481481,0.518518519,3.962962963,0.932098765
733,1991,PHI,3.882716049,0.685185185,0.481481481,3.024691358,0.567901235
734,1991,PIT,4.740740741,0.777777778,0.604938272,3.827160494,0.765432099
735,1991,SDN,3.925925926,0.74691358,0.518518519,3.092592593,0.62345679
736,1991,SEA,4.333333333,0.777777778,0.512345679,3.62962963,0.598765432
737,1991,SFN,4.00617284,0.87037037,0.462962963,2.907407407,0.586419753
738,1991,SLN,4.018518519,0.419753086,0.518518519,3.283950617,1.24691358
739,1991,TEX,5.117283951,1.092592593,0.524691358,3.679012346,0.62962963
740,1991,TOR,4.222222222,0.820987654,0.561728395,3.080246914,0.913580247
741,1992,ATL,4.209876543,0.851851852,0.604938272,3.043209877,0.777777778
742,1992,BAL,4.351851852,0.913580247,0.549382716,3.99382716,0.549382716
743,1992,BOS,3.697530864,0.518518519,0.450617284,3.648148148,0.271604938
744,1992,CAL,3.574074074,0.543209877,0.444444444,2.567901235,0.987654321
745,1992,CHA,4.555555556,0.679012346,0.530864198,3.839506173,0.987654321
746,1992,CHN,3.660493827,0.641975309,0.481481481,2.574074074,0.475308642
747,1992,CIN,4.074074074,0.611111111,0.555555556,3.475308642,0.771604938
748,1992,CLE,4.160493827,0.783950617,0.469135802,2.765432099,0.888888889
749,1992,DET,4.882716049,1.12345679,0.462962963,4.166666667,0.407407407
750,1992,HOU,3.75308642,0.592592593,0.5,3.12345679,0.858024691
751,1992,KCA,3.765432099,0.462962963,0.444444444,2.709876543,0.808641975
752,1992,LAN,3.382716049,0.444444444,0.388888889,3.104938272,0.87654321
753,1992,MIN,4.611111111,0.641975309,0.555555556,3.25308642,0.759259259
754,1992,ML4,4.567901235,0.50617284,0.567901235,3.154320988,1.580246914
755,1992,MON,4,0.62962963,0.537037037,2.858024691,1.209876543
756,1992,NYA,4.524691358,1.00617284,0.469135802,3.308641975,0.481481481
757,1992,NYN,3.697530864,0.574074074,0.444444444,3.530864198,0.796296296
758,1992,OAK,4.598765432,0.87654321,0.592592593,4.364197531,0.882716049
759,1992,PHI,4.234567901,0.728395062,0.432098765,3.141975309,0.783950617
760,1992,PIT,4.277777778,0.654320988,0.592592593,3.512345679,0.679012346
761,1992,SDN,3.808641975,0.833333333,0.50617284,2.796296296,0.425925926
762,1992,SEA,4.191358025,0.919753086,0.395061728,2.925925926,0.617283951
763,1992,SFN,3.543209877,0.648148148,0.444444444,2.685185185,0.691358025
764,1992,SLN,3.895061728,0.580246914,0.512345679,3.055555556,1.283950617
765,1992,TEX,4.209876543,0.981481481,0.475308642,3.395061728,0.5
766,1992,TOR,4.814814815,1.00617284,0.592592593,3.462962963,0.796296296
767,1993,ATL,4.734567901,1.043209877,0.641975309,3.456790123,0.771604938
768,1993,BAL,4.851851852,0.969135802,0.524691358,4.043209877,0.450617284
769,1993,BOS,4.234567901,0.703703704,0.49382716,3.135802469,0.450617284
770,1993,CAL,4.222222222,0.703703704,0.438271605,3.481481481,1.043209877
771,1993,CHA,4.790123457,1,0.580246914,3.728395062,0.654320988
772,1993,CHN,4.527607362,0.987730061,0.515337423,2.736196319,0.613496933
773,1993,CIN,4.456790123,0.845679012,0.450617284,2.99382716,0.87654321
774,1993,CLE,4.87654321,0.87037037,0.469135802,3.012345679,0.981481481
775,1993,COL,4.679012346,0.87654321,0.413580247,2.395061728,0.901234568
776,1993,DET,5.549382716,1.098765432,0.524691358,4.722222222,0.641975309
777,1993,FLO,3.586419753,0.580246914,0.395061728,3.074074074,0.722222222
778,1993,HOU,4.419753086,0.851851852,0.524691358,3.067901235,0.635802469
779,1993,KCA,4.166666667,0.771604938,0.518518519,2.641975309,0.617283951
780,1993,LAN,4.166666667,0.802469136,0.5,3.037037037,0.777777778
781,1993,MIN,4.277777778,0.74691358,0.438271605,3.043209877,0.512345679
782,1993,ML4,4.524691358,0.771604938,0.425925926,3.425925926,0.851851852
783,1993,MON,4.490797546,0.748466258,0.576687117,3.325153374,1.398773006
784,1993,NYA,5.067901235,1.098765432,0.543209877,3.882716049,0.240740741
785,1993,NYN,4.148148148,0.975308642,0.364197531,2.765432099,0.487654321
786,1993,OAK,4.413580247,0.975308642,0.419753086,3.839506173,0.808641975
787,1993,PHI,5.413580247,0.962962963,0.598765432,4.104938272,0.561728395
788,1993,PIT,4.364197531,0.679012346,0.462962963,3.308641975,0.567901235
789,1993,SDN,4.191358025,0.944444444,0.37654321,2.734567901,0.567901235
790,1993,SEA,4.530864198,0.99382716,0.50617284,3.851851852,0.561728395
791,1993,SFN,4.987654321,1.037037037,0.635802469,3.185185185,0.740740741
792,1993,SLN,4.679012346,0.728395062,0.537037037,3.62962963,0.944444444
793,1993,TEX,5.154320988,1.117283951,0.530864198,2.981481481,0.697530864
794,1993,TOR,5.228395062,0.981481481,0.586419753,3.62962963,1.049382716
795,1994,ATL,4.754385965,1.201754386,0.596491228,3.307017544,0.421052632
796,1994,BAL,5.258928571,1.241071429,0.5625,3.910714286,0.616071429
797,1994,BOS,4.8,1.043478261,0.469565217,3.513043478,0.704347826
798,1994,CAL,4.72173913,1.043478261,0.408695652,3.495652174,0.565217391
799,1994,CHA,5.601769912,1.07079646,0.592920354,4.398230088,0.681415929
800,1994,CHN,4.424778761,0.96460177,0.433628319,3.221238938,0.610619469
801,1994,CIN,5.295652174,1.07826087,0.573913043,3.373913043,1.034782609
802,1994,CLE,6.008849558,1.477876106,0.584070796,3.380530973,1.159292035
803,1994,COL,4.897435897,1.068376068,0.452991453,3.230769231,0.777777778
804,1994,DET,5.669565217,1.4,0.460869565,4.52173913,0.4
805,1994,FLO,4.069565217,0.817391304,0.443478261,3.034782609,0.565217391
806,1994,HOU,5.234782609,1.043478261,0.573913043,3.426086957,1.07826087
807,1994,KCA,4.991304348,0.869565217,0.556521739,3.269565217,1.217391304
808,1994,LAN,4.666666667,1.00877193,0.50877193,3.210526316,0.649122807
809,1994,MIN,5.256637168,0.911504425,0.469026549,3.17699115,0.831858407
810,1994,ML4,4.756521739,0.860869565,0.460869565,3.626086957,0.513043478
811,1994,MON,5.131578947,0.947368421,0.649122807,3.324561404,1.201754386
812,1994,NYA,5.92920354,1.230088496,0.619469027,4.690265487,0.486725664
813,1994,NYN,4.477876106,1.03539823,0.486725664,2.973451327,0.221238938
814,1994,OAK,4.815789474,0.99122807,0.447368421,3.657894737,0.798245614
815,1994,PHI,4.530434783,0.695652174,0.469565217,3.443478261,0.582608696
816,1994,PIT,4.087719298,0.701754386,0.464912281,3.061403509,0.464912281
817,1994,SDN,4.094017094,0.786324786,0.401709402,2.726495726,0.675213675
818,1994,SEA,5.080357143,1.366071429,0.4375,3.321428571,0.428571429
819,1994,SFN,4.382608696,1.069565217,0.47826087,3.165217391,0.991304348
820,1994,SLN,4.652173913,0.939130435,0.460869565,3.773913043,0.660869565
821,1994,TEX,5.377192982,1.087719298,0.456140351,3.833333333,0.719298246
822,1994,TOR,4.92173913,1,0.47826087,3.365217391,0.686956522
823,1995,ATL,4.479166667,1.166666667,0.625,3.611111111,0.506944444
824,1995,BAL,4.888888889,1.201388889,0.493055556,3.986111111,0.638888889
825,1995,BOS,5.493055556,1.215277778,0.597222222,3.888888889,0.6875
826,1995,CAL,5.524137931,1.282758621,0.537931034,3.889655172,0.4
827,1995,CHA,5.206896552,1.006896552,0.468965517,3.972413793,0.75862069
828,1995,CHN,4.8125,1.097222222,0.506944444,3.055555556,0.729166667
829,1995,CIN,5.1875,1.118055556,0.590277778,3.604166667,1.319444444
830,1995,CLE,5.833333333,1.4375,0.694444444,3.763888889,0.916666667
831,1995,COL,5.451388889,1.388888889,0.534722222,3.361111111,0.868055556
832,1995,DET,4.541666667,1.104166667,0.416666667,3.826388889,0.506944444
833,1995,FLO,4.706293706,1.006993007,0.468531469,3.615384615,0.916083916
834,1995,HOU,5.1875,0.756944444,0.527777778,3.930555556,1.222222222
835,1995,KCA,4.368055556,0.826388889,0.486111111,3.298611111,0.833333333
836,1995,LAN,4.402777778,0.972222222,0.541666667,3.25,0.881944444
837,1995,MIN,4.881944444,0.833333333,0.388888889,3.270833333,0.729166667
838,1995,ML4,5.138888889,0.888888889,0.451388889,3.486111111,0.729166667
839,1995,MON,4.3125,0.819444444,0.458333333,2.777777778,0.833333333
840,1995,NYA,5.165517241,0.84137931,0.544827586,4.310344828,0.344827586
841,1995,NYN,4.5625,0.868055556,0.479166667,3.097222222,0.402777778
842,1995,OAK,5.069444444,1.173611111,0.465277778,3.923611111,0.777777778
843,1995,PHI,4.270833333,0.652777778,0.479166667,3.451388889,0.5
844,1995,PIT,4.368055556,0.868055556,0.402777778,3.166666667,0.583333333
845,1995,SDN,4.638888889,0.805555556,0.486111111,3.104166667,0.861111111
846,1995,SEA,5.489655172,1.255172414,0.544827586,3.786206897,0.75862069
847,1995,SFN,4.527777778,1.055555556,0.465277778,3.277777778,0.958333333
848,1995,SLN,3.937062937,0.748251748,0.433566434,3.048951049,0.552447552
849,1995,TEX,4.798611111,0.958333333,0.513888889,3.652777778,0.625
850,1995,TOR,4.458333333,0.972222222,0.388888889,3.416666667,0.520833333
851,1996,ATL,4.771604938,1.216049383,0.592592593,3.271604938,0.512345679
852,1996,BAL,5.82208589,1.576687117,0.539877301,3.957055215,0.466257669
853,1996,BOS,5.728395062,1.290123457,0.524691358,3.962962963,0.561728395
854,1996,CAL,4.732919255,1.192546584,0.434782609,3.273291925,0.329192547
855,1996,CHA,5.543209877,1.203703704,0.524691358,4.327160494,0.648148148
856,1996,CHN,4.765432099,1.080246914,0.469135802,3.228395062,0.666666667
857,1996,CIN,4.802469136,1.179012346,0.5,3.728395062,1.055555556
858,1996,CLE,5.913043478,1.354037267,0.614906832,4.167701863,0.99378882
859,1996,COL,5.932098765,1.364197531,0.512345679,3.25308642,1.240740741
860,1996,DET,4.833333333,1.259259259,0.327160494,3.37037037,0.537037037
861,1996,FLO,4.24691358,0.925925926,0.49382716,3.413580247,0.611111111
862,1996,HOU,4.648148148,0.796296296,0.50617284,3.419753086,1.111111111
863,1996,KCA,4.633540373,0.763975155,0.465838509,3.285714286,1.211180124
864,1996,LAN,4.339506173,0.925925926,0.555555556,3.185185185,0.765432099
865,1996,MIN,5.413580247,0.728395062,0.481481481,3.555555556,0.882716049
866,1996,ML4,5.518518519,1.098765432,0.49382716,3.851851852,0.62345679
867,1996,MON,4.574074074,0.913580247,0.543209877,3.037037037,0.666666667
868,1996,NYA,5.37654321,1,0.567901235,3.901234568,0.592592593
869,1996,NYN,4.604938272,0.907407407,0.438271605,2.74691358,0.598765432
870,1996,OAK,5.314814815,1.5,0.481481481,3.950617284,0.358024691
871,1996,PHI,4.012345679,0.814814815,0.413580247,3.308641975,0.722222222
872,1996,PIT,4.790123457,0.851851852,0.450617284,3.148148148,0.777777778
873,1996,SDN,4.759259259,0.907407407,0.561728395,3.709876543,0.672839506
874,1996,SEA,6.167701863,1.52173913,0.527950311,4.161490683,0.559006211
875,1996,SFN,4.641975309,0.944444444,0.419753086,3.796296296,0.697530864
876,1996,SLN,4.685185185,0.87654321,0.543209877,3.055555556,0.919753086
877,1996,TEX,5.693251534,1.355828221,0.552147239,4.049079755,0.509202454
878,1996,TOR,4.728395062,1.092592593,0.456790123,3.265432099,0.716049383
879,1997,ANA,5.117283951,0.99382716,0.518518519,3.808641975,0.777777778
880,1997,ATL,4.882716049,1.074074074,0.62345679,3.685185185,0.666666667
881,1997,BAL,5.012345679,1.209876543,0.604938272,3.617283951,0.388888889
882,1997,BOS,5.25308642,1.141975309,0.481481481,3.172839506,0.419753086
883,1997,CHA,4.838509317,0.98136646,0.49689441,3.534161491,0.658385093
884,1997,CHN,4.240740741,0.783950617,0.419753086,2.783950617,0.716049383
885,1997,CIN,4.018518519,0.87654321,0.469135802,3.197530864,1.172839506
886,1997,CLE,5.391304348,1.366459627,0.534161491,3.832298137,0.732919255
887,1997,COL,5.697530864,1.475308642,0.512345679,3.469135802,0.845679012
888,1997,DET,4.839506173,1.086419753,0.487654321,3.567901235,0.99382716
889,1997,FLO,4.567901235,0.839506173,0.567901235,4.234567901,0.709876543
890,1997,HOU,4.796296296,0.820987654,0.518518519,3.907407407,1.055555556
891,1997,KCA,4.639751553,0.98136646,0.416149068,3.48447205,0.807453416
892,1997,LAN,4.580246914,1.074074074,0.543209877,3.074074074,0.808641975
893,1997,MIN,4.765432099,0.814814815,0.419753086,3.055555556,0.932098765
894,1997,ML4,4.229813665,0.838509317,0.48447205,3.068322981,0.639751553
895,1997,MON,4.265432099,1.061728395,0.481481481,2.592592593,0.462962963
896,1997,NYA,5.5,0.99382716,0.592592593,4.172839506,0.611111111
897,1997,NYN,4.796296296,0.944444444,0.543209877,3.395061728,0.598765432
898,1997,OAK,4.716049383,1.216049383,0.401234568,3.962962963,0.438271605
899,1997,PHI,4.12345679,0.716049383,0.419753086,3.203703704,0.567901235
900,1997,PIT,4.475308642,0.796296296,0.487654321,2.969135802,0.987654321
901,1997,SDN,4.907407407,0.938271605,0.469135802,3.728395062,0.864197531
902,1997,SEA,5.709876543,1.62962963,0.555555556,3.864197531,0.549382716
903,1997,SFN,4.839506173,1.061728395,0.555555556,3.962962963,0.74691358
904,1997,SLN,4.25308642,0.888888889,0.450617284,3.351851852,1.012345679
905,1997,TEX,4.981481481,1.154320988,0.475308642,3.086419753,0.444444444
906,1997,TOR,4.037037037,0.907407407,0.469135802,3.00617284,0.827160494
907,1998,ANA,4.858024691,0.907407407,0.524691358,3.148148148,0.574074074
908,1998,ARI,4.104938272,0.981481481,0.401234568,3.018518519,0.450617284
909,1998,ATL,5.098765432,1.327160494,0.654320988,3.382716049,0.604938272
910,1998,BAL,5.043209877,1.320987654,0.487654321,3.660493827,0.530864198
911,1998,BOS,5.407407407,1.265432099,0.567901235,3.339506173,0.444444444
912,1998,CHA,5.282208589,1.214723926,0.490797546,3.380368098,0.779141104
913,1998,CHN,5.098159509,1.300613497,0.552147239,3.687116564,0.398773006
914,1998,CIN,4.62962963,0.851851852,0.475308642,3.75308642,0.586419753
915,1998,CLE,5.24691358,1.222222222,0.549382716,3.888888889,0.882716049
916,1998,COL,5.098765432,1.12962963,0.475308642,2.895061728,0.413580247
917,1998,DET,4.456790123,1.018518519,0.401234568,2.808641975,0.75308642
918,1998,FLO,4.117283951,0.703703704,0.333333333,3.240740741,0.709876543
919,1998,HOU,5.395061728,1.024691358,0.62962963,3.833333333,0.956790123
920,1998,KCA,4.434782609,0.832298137,0.447204969,2.950310559,0.838509317
921,1998,LAN,4.12962963,0.981481481,0.512345679,2.759259259,0.845679012
922,1998,MIL,4.364197531,0.938271605,0.456790123,3.283950617,0.5
923,1998,MIN,4.530864198,0.709876543,0.432098765,3.12345679,0.691358025
924,1998,MON,3.975308642,0.907407407,0.401234568,2.709876543,0.561728395
925,1998,NYA,5.956790123,1.277777778,0.703703704,4.030864198,0.944444444
926,1998,NYN,4.358024691,0.839506173,0.543209877,3.530864198,0.382716049
927,1998,OAK,4.962962963,0.919753086,0.456790123,3.907407407,0.808641975
928,1998,PHI,4.401234568,0.777777778,0.462962963,3.135802469,0.598765432
929,1998,PIT,3.987730061,0.656441718,0.423312883,2.411042945,0.975460123
930,1998,SDN,4.62345679,1.030864198,0.604938272,3.728395062,0.487654321
931,1998,SEA,5.335403727,1.453416149,0.472049689,3.465838509,0.714285714
932,1998,SFN,5.18404908,0.987730061,0.54601227,4.159509202,0.625766871
933,1998,SLN,4.969325153,1.36809816,0.509202454,4.147239264,0.81595092
934,1998,TBA,3.827160494,0.685185185,0.388888889,2.919753086,0.740740741
935,1998,TEX,5.802469136,1.240740741,0.543209877,3.672839506,0.50617284
936,1998,TOR,5.006134969,1.355828221,0.539877301,3.460122699,1.128834356
937,1999,ANA,4.388888889,0.975308642,0.432098765,3.154320988,0.438271605
938,1999,ARI,5.604938272,1.333333333,0.617283951,3.62962963,0.845679012
939,1999,ATL,5.185185185,1.216049383,0.635802469,3.75308642,0.913580247
940,1999,BAL,5.25308642,1.25308642,0.481481481,3.796296296,0.660493827
941,1999,BOS,5.160493827,1.086419753,0.580246914,3.685185185,0.413580247
942,1999,CHA,4.796296296,1,0.462962963,3.080246914,0.679012346
943,1999,CHN,4.611111111,1.166666667,0.413580247,3.524691358,0.37037037
944,1999,CIN,5.306748466,1.282208589,0.588957055,3.490797546,1.006134969
945,1999,CLE,6.228395062,1.290123457,0.598765432,4.586419753,0.907407407
946,1999,COL,5.592592593,1.37654321,0.444444444,3.135802469,0.432098765
947,1999,DET,4.639751553,1.316770186,0.428571429,2.844720497,0.670807453
948,1999,FLO,4.265432099,0.790123457,0.395061728,2.956790123,0.567901235
949,1999,HOU,5.080246914,1.037037037,0.598765432,4.49382716,1.024691358
950,1999,KCA,5.316770186,0.937888199,0.397515528,3.322981366,0.788819876
951,1999,LAN,4.895061728,1.154320988,0.475308642,3.666666667,1.030864198
952,1999,MIL,5.062111801,1.02484472,0.459627329,4.086956522,0.50310559
953,1999,MIN,4.260869565,0.652173913,0.391304348,3.105590062,0.732919255
954,1999,MON,4.432098765,1.00617284,0.419753086,2.703703704,0.432098765
955,1999,NYA,5.555555556,1.191358025,0.604938272,4.432098765,0.641975309
956,1999,NYN,5.233128834,1.110429448,0.595092025,4.398773006,0.920245399
957,1999,OAK,5.512345679,1.450617284,0.537037037,4.75308642,0.432098765
958,1999,PHI,5.191358025,0.99382716,0.475308642,3.895061728,0.771604938
959,1999,PIT,4.813664596,1.062111801,0.48447205,3.559006211,0.695652174
960,1999,SDN,4.382716049,0.944444444,0.456790123,3.895061728,1.074074074
961,1999,SEA,5.302469136,1.50617284,0.487654321,3.765432099,0.802469136
962,1999,SFN,5.382716049,1.160493827,0.530864198,4.296296296,0.672839506
963,1999,SLN,5.02484472,1.204968944,0.465838509,3.807453416,0.832298137
964,1999,TBA,4.765432099,0.895061728,0.425925926,3.358024691,0.450617284
965,1999,TEX,5.833333333,1.419753086,0.586419753,3.771604938,0.685185185
966,1999,TOR,5.450617284,1.308641975,0.518518519,3.567901235,0.734567901
967,2000,ANA,5.333333333,1.456790123,0.50617284,3.75308642,0.574074074
968,2000,ARI,4.888888889,1.104938272,0.524691358,3.302469136,0.598765432
969,2000,ATL,5,1.104938272,0.586419753,3.672839506,0.913580247
970,2000,BAL,4.901234568,1.135802469,0.456790123,3.444444444,0.777777778
971,2000,BOS,4.888888889,1.030864198,0.524691358,3.771604938,0.265432099
972,2000,CHA,6.037037037,1.333333333,0.586419753,3.648148148,0.734567901
973,2000,CHN,4.716049383,1.12962963,0.401234568,3.901234568,0.574074074
974,2000,CIN,5.061349693,1.226993865,0.521472393,3.429447853,0.613496933
975,2000,CLE,5.864197531,1.364197531,0.555555556,4.228395062,0.697530864
976,2000,COL,5.975308642,0.99382716,0.50617284,3.709876543,0.808641975
977,2000,DET,5.080246914,1.092592593,0.487654321,3.469135802,0.512345679
978,2000,FLO,4.540372671,0.99378882,0.49068323,3.354037267,1.043478261
979,2000,HOU,5.790123457,1.537037037,0.444444444,4.154320988,0.703703704
980,2000,KCA,5.425925926,0.925925926,0.475308642,3.154320988,0.74691358
981,2000,LAN,4.925925926,1.302469136,0.530864198,4.12345679,0.586419753
982,2000,MIL,4.539877301,1.085889571,0.447852761,3.803680982,0.441717791
983,2000,MIN,4.617283951,0.716049383,0.425925926,3.432098765,0.555555556
984,2000,MON,4.555555556,1.098765432,0.413580247,2.938271605,0.358024691
985,2000,NYA,5.409937888,1.273291925,0.540372671,3.919254658,0.614906832
986,2000,NYN,4.981481481,1.222222222,0.580246914,4.166666667,0.407407407
987,2000,OAK,5.881987578,1.48447205,0.565217391,4.658385093,0.248447205
988,2000,PHI,4.37037037,0.888888889,0.401234568,3.771604938,0.62962963
989,2000,PIT,4.895061728,1.037037037,0.425925926,3.481481481,0.530864198
990,2000,SDN,4.641975309,0.969135802,0.469135802,3.716049383,0.808641975
991,2000,SEA,5.598765432,1.222222222,0.561728395,4.783950617,0.75308642
992,2000,SFN,5.709876543,1.395061728,0.598765432,4.37654321,0.487654321
993,2000,SLN,5.475308642,1.450617284,0.586419753,4.166666667,0.537037037
994,2000,TBA,4.552795031,1.00621118,0.428571429,3.465838509,0.559006211
995,2000,TEX,5.234567901,1.067901235,0.438271605,3.580246914,0.425925926
996,2000,TOR,5.314814815,1.50617284,0.512345679,3.24691358,0.549382716
997,2001,ANA,4.265432099,0.975308642,0.462962963,3.049382716,0.716049383
998,2001,ARI,5.049382716,1.283950617,0.567901235,3.62345679,0.438271605
999,2001,ATL,4.5,1.074074074,0.543209877,3.043209877,0.524691358
1000,2001,BAL,4.240740741,0.839506173,0.388888889,3.172839506,0.820987654
1001,2001,BOS,4.795031056,1.229813665,0.50931677,3.229813665,0.285714286
1002,2001,CHA,4.925925926,1.320987654,0.512345679,3.209876543,0.759259259
1003,2001,CHN,4.796296296,1.197530864,0.543209877,3.561728395,0.413580247
1004,2001,CIN,4.537037037,1.086419753,0.407407407,2.888888889,0.635802469
1005,2001,CLE,5.537037037,1.308641975,0.561728395,3.561728395,0.487654321
1006,2001,COL,5.697530864,1.314814815,0.450617284,3.154320988,0.814814815
1007,2001,DET,4.469135802,0.858024691,0.407407407,2.87654321,0.820987654
1008,2001,FLO,4.580246914,1.024691358,0.469135802,2.901234568,0.549382716
1009,2001,HOU,5.228395062,1.283950617,0.574074074,3.586419753,0.395061728
1010,2001,KCA,4.5,0.938271605,0.401234568,2.50617284,0.617283951
1011,2001,LAN,4.679012346,1.271604938,0.530864198,3.203703704,0.549382716
1012,2001,MIL,4.567901235,1.290123457,0.419753086,3.012345679,0.407407407
1013,2001,MIN,4.759259259,1.012345679,0.524691358,3.055555556,0.901234568
1014,2001,MON,4.135802469,0.808641975,0.419753086,2.950617284,0.62345679
1015,2001,NYA,4.99378882,1.260869565,0.590062112,3.223602484,1
1016,2001,NYN,3.962962963,0.907407407,0.50617284,3.364197531,0.407407407
1017,2001,OAK,5.456790123,1.228395062,0.62962963,3.950617284,0.419753086
1018,2001,PHI,4.604938272,1.012345679,0.530864198,3.401234568,0.944444444
1019,2001,PIT,4.055555556,0.99382716,0.382716049,2.882716049,0.574074074
1020,2001,SDN,4.87037037,0.99382716,0.487654321,4.185185185,0.796296296
1021,2001,SEA,5.722222222,1.043209877,0.716049383,3.790123457,1.074074074
1022,2001,SFN,4.932098765,1.450617284,0.555555556,3.858024691,0.351851852
1023,2001,SLN,5.024691358,1.228395062,0.574074074,3.265432099,0.561728395
1024,2001,TBA,4.148148148,0.74691358,0.382716049,2.814814815,0.709876543
1025,2001,TEX,5.49382716,1.518518519,0.450617284,3.382716049,0.598765432
1026,2001,TOR,4.734567901,1.203703704,0.49382716,2.901234568,0.962962963